-- phpMyAdmin SQL Dump
-- version 5.2.1
-- https://www.phpmyadmin.net/
--
-- Máy chủ: 127.0.0.1
-- Thời gian đã tạo: Th10 19, 2025 lúc 11:28 AM
-- Phiên bản máy phục vụ: 10.4.32-MariaDB
-- Phiên bản PHP: 8.0.30

SET SQL_MODE = "NO_AUTO_VALUE_ON_ZERO";
START TRANSACTION;
SET time_zone = "+00:00";


/*!40101 SET @OLD_CHARACTER_SET_CLIENT=@@CHARACTER_SET_CLIENT */;
/*!40101 SET @OLD_CHARACTER_SET_RESULTS=@@CHARACTER_SET_RESULTS */;
/*!40101 SET @OLD_COLLATION_CONNECTION=@@COLLATION_CONNECTION */;
/*!40101 SET NAMES utf8mb4 */;

--
-- Cơ sở dữ liệu: `personal_finance_db`
--

-- --------------------------------------------------------

--
-- Cấu trúc bảng cho bảng `categories`
--

CREATE TABLE `categories` (
  `category_id` int(11) NOT NULL,
  `user_id` int(11) NOT NULL,
  `name` varchar(100) NOT NULL,
  `type` varchar(10) NOT NULL CHECK (`type` in ('income','expense'))
) ENGINE=InnoDB DEFAULT CHARSET=utf8mb4 COLLATE=utf8mb4_general_ci;

--
-- Đang đổ dữ liệu cho bảng `categories`
--

INSERT INTO `categories` (`category_id`, `user_id`, `name`, `type`) VALUES
(5, 3, 'Đi lại', 'expense'),
(7, 3, 'Lương', 'income'),
(8, 3, 'Ăn uống', 'expense'),
(9, 3, 'Nhậu , cf', 'expense'),
(14, 1, 'đi chợ', 'expense'),
(16, 1, 'lương', 'income'),
(17, 1, 'di chuyển', 'expense');

-- --------------------------------------------------------

--
-- Cấu trúc bảng cho bảng `transactions`
--

CREATE TABLE `transactions` (
  `transaction_id` int(11) NOT NULL,
  `user_id` int(11) NOT NULL,
  `category_id` int(11) NOT NULL,
  `amount` decimal(15,2) NOT NULL,
  `transaction_date` date NOT NULL,
  `description` text DEFAULT NULL,
  `created_at` timestamp NOT NULL DEFAULT current_timestamp()
) ENGINE=InnoDB DEFAULT CHARSET=utf8mb4 COLLATE=utf8mb4_general_ci;

--
-- Đang đổ dữ liệu cho bảng `transactions`
--

INSERT INTO `transactions` (`transaction_id`, `user_id`, `category_id`, `amount`, `transaction_date`, `description`, `created_at`) VALUES
(3, 3, 7, 1000000.00, '2025-11-14', '', '2025-11-14 08:33:34'),
(4, 3, 5, 50000.00, '2025-11-14', '', '2025-11-14 08:34:25'),
(5, 3, 9, 200000.00, '2025-11-15', '', '2025-11-14 08:36:21'),
(6, 1, 16, 1000000.00, '2025-11-26', '', '2025-11-14 11:43:00'),
(7, 1, 14, 123000.00, '2025-11-27', '', '2025-11-14 11:43:11'),
(8, 1, 17, 123214.00, '2025-11-21', '', '2025-11-14 11:43:22');

-- --------------------------------------------------------

--
-- Cấu trúc bảng cho bảng `users`
--

CREATE TABLE `users` (
  `user_id` int(11) NOT NULL,
  `email` varchar(255) NOT NULL,
  `username` varchar(100) NOT NULL,
  `password_hash` varchar(255) NOT NULL,
  `created_at` timestamp NOT NULL DEFAULT current_timestamp()
) ENGINE=InnoDB DEFAULT CHARSET=utf8mb4 COLLATE=utf8mb4_general_ci;

--
-- Đang đổ dữ liệu cho bảng `users`
--

INSERT INTO `users` (`user_id`, `email`, `username`, `password_hash`, `created_at`) VALUES
(1, 'jamesmoccua159@gmail.com', '64131472', '$2y$10$yswltJrLlbAMBFLhC9WT..CZ1/ohAwS21uhVKHir8kVNDSYXi0KJC', '2025-11-14 06:38:36'),
(2, '123@gmail.com', '123', '$2y$10$wp/.7Y8c13v8B3V8ug/rB.GigYbqatezXCrUTQvNeIPIzpJ4.GkVC', '2025-11-14 08:03:29'),
(3, 'teobuong89@gmail.com', 'Tèo', '$2y$10$Qtbqn0PaaG7tJy9iGeP.VuTHY7S.KKGlC/CzWInnSXzWxTty6vhWe', '2025-11-14 08:30:35');

--
-- Chỉ mục cho các bảng đã đổ
--

--
-- Chỉ mục cho bảng `categories`
--
ALTER TABLE `categories`
  ADD PRIMARY KEY (`category_id`),
  ADD KEY `user_id` (`user_id`);

--
-- Chỉ mục cho bảng `transactions`
--
ALTER TABLE `transactions`
  ADD PRIMARY KEY (`transaction_id`),
  ADD KEY `user_id` (`user_id`),
  ADD KEY `category_id` (`category_id`);

--
-- Chỉ mục cho bảng `users`
--
ALTER TABLE `users`
  ADD PRIMARY KEY (`user_id`),
  ADD UNIQUE KEY `email` (`email`);

--
-- AUTO_INCREMENT cho các bảng đã đổ
--

--
-- AUTO_INCREMENT cho bảng `categories`
--
ALTER TABLE `categories`
  MODIFY `category_id` int(11) NOT NULL AUTO_INCREMENT, AUTO_INCREMENT=18;

--
-- AUTO_INCREMENT cho bảng `transactions`
--
ALTER TABLE `transactions`
  MODIFY `transaction_id` int(11) NOT NULL AUTO_INCREMENT, AUTO_INCREMENT=9;

--
-- AUTO_INCREMENT cho bảng `users`
--
ALTER TABLE `users`
  MODIFY `user_id` int(11) NOT NULL AUTO_INCREMENT, AUTO_INCREMENT=4;

--
-- Các ràng buộc cho các bảng đã đổ
--

--
-- Các ràng buộc cho bảng `categories`
--
ALTER TABLE `categories`
  ADD CONSTRAINT `categories_ibfk_1` FOREIGN KEY (`user_id`) REFERENCES `users` (`user_id`) ON DELETE CASCADE;

--
-- Các ràng buộc cho bảng `transactions`
--
ALTER TABLE `transactions`
  ADD CONSTRAINT `transactions_ibfk_1` FOREIGN KEY (`user_id`) REFERENCES `users` (`user_id`) ON DELETE CASCADE,
  ADD CONSTRAINT `transactions_ibfk_2` FOREIGN KEY (`category_id`) REFERENCES `categories` (`category_id`);
COMMIT;

/*!40101 SET CHARACTER_SET_CLIENT=@OLD_CHARACTER_SET_CLIENT */;
/*!40101 SET CHARACTER_SET_RESULTS=@OLD_CHARACTER_SET_RESULTS */;
/*!40101 SET COLLATION_CONNECTION=@OLD_COLLATION_CONNECTION */;
